{
  "int4_itl_ms": 9.31269134285669,
  "int4_ttft_ms": 28.87390699993375,
  "fp16_itl_ms": 32.6,
  "fp16_ttft_ms": 104.0,
  "itl_speedup": 3.5005992145338167
}