{
  "favorable_accept_pct": 54.356232003290835,
  "open_ended_accept_pct": 12.571428571428571
}