{
  "backend": "vllm",
  "baseline": {
    "short_prompt": {
      "routing_p50_ms": 0.88,
      "routing_p99_ms": 0.89,
      "inference_p50_ms": 1646.84,
      "inference_p99_ms": 1653.16,
      "total_p50_ms": 1647.72,
      "total_p99_ms": 1654.04,
      "itl_ms": 32.96,
      "avg_tokens": 50
    },
    "medium_prompt": {
      "routing_p50_ms": 0.85,
      "routing_p99_ms": 1.11,
      "inference_p50_ms": 4907.92,
      "inference_p99_ms": 4922.29,
      "total_p50_ms": 4909.03,
      "total_p99_ms": 4923.13,
      "itl_ms": 32.71,
      "avg_tokens": 150
    },
    "code_generation": {
      "routing_p50_ms": 0.89,
      "routing_p99_ms": 0.89,
      "inference_p50_ms": 6517.55,
      "inference_p99_ms": 6546.92,
      "total_p50_ms": 6518.42,
      "total_p99_ms": 6547.81,
      "itl_ms": 32.63,
      "avg_tokens": 200
    },
    "long_generation": {
      "routing_p50_ms": 1.02,
      "routing_p99_ms": 1.03,
      "inference_p50_ms": 9785.52,
      "inference_p99_ms": 9790.1,
      "total_p50_ms": 9786.42,
      "total_p99_ms": 9791.11,
      "itl_ms": 32.59,
      "avg_tokens": 300
    }
  },
  "ttft": {
    "short_prompt": {
      "ttft_p50_ms": 104.53,
      "ttft_p99_ms": 105.7,
      "ttft_mean_ms": 97.81
    },
    "medium_prompt": {
      "ttft_p50_ms": 104.43,
      "ttft_p99_ms": 105.7,
      "ttft_mean_ms": 103.34
    },
    "code_generation": {
      "ttft_p50_ms": 103.61,
      "ttft_p99_ms": 104.75,
      "ttft_mean_ms": 102.77
    }
  },
  "continuous_batching": {
    "sequential_ms": 8368.168478000029,
    "concurrent_ms": 1907.4973750000481,
    "speedup": 4.386988201228752
  }
}